-- MySQL Script generated by MySQL Workbench
-- Wed Feb 14 13:58:14 2018
-- Model: New Model    Version: 1.0
-- MySQL Workbench Forward Engineering

SET @OLD_UNIQUE_CHECKS=@@UNIQUE_CHECKS, UNIQUE_CHECKS=0;
SET @OLD_FOREIGN_KEY_CHECKS=@@FOREIGN_KEY_CHECKS, FOREIGN_KEY_CHECKS=0;
SET @OLD_SQL_MODE=@@SQL_MODE, SQL_MODE='TRADITIONAL,ALLOW_INVALID_DATES';

-- -----------------------------------------------------
-- Schema gerdau2
-- -----------------------------------------------------

-- -----------------------------------------------------
-- Schema gerdau2
-- -----------------------------------------------------
DROP DATABASE `gerdau2`;
CREATE SCHEMA IF NOT EXISTS `gerdau2` DEFAULT CHARACTER SET utf8 ;
USE `gerdau2` ;

-- -----------------------------------------------------
-- Table `gerdau2`.`celulas`
-- -----------------------------------------------------
CREATE TABLE IF NOT EXISTS `gerdau2`.`celulas` (
  `id` INT UNSIGNED NOT NULL AUTO_INCREMENT,
  `nome` VARCHAR(45) NOT NULL,
  PRIMARY KEY (`id`))
ENGINE = InnoDB;

INSERT INTO `celulas` (`id`, `nome`) VALUES
(1, 'Massa Mauris Vestibulum Associates'),
(2, 'Urna Vivamus Corp.'),
(3, 'Faucibus LLC'),
(4, 'Vehicula Aliquet Libero Ltd'),
(5, 'Id Libero Donec Limited'),
(6, 'Orci Ut Sagittis Corporation'),
(7, 'Aliquam Foundation'),
(8, 'Cubilia Incorporated'),
(9, 'Ut Foundation'),
(10, 'Quisque Corp.'),
(11, 'Amet Orci Ut Foundation'),
(12, 'Scelerisque Neque Company'),
(13, 'Non Ltd'),
(14, 'Diam Proin Dolor Incorporated'),
(15, 'Feugiat Sed Nec PC'),
(16, 'Erat Neque Non Inc.'),
(17, 'Tempor Industries'),
(18, 'Donec Feugiat Metus Company'),
(19, 'Rutrum Corp.'),
(20, 'Dolor Fusce Company'),
(21, 'Elit Corporation'),
(22, 'Purus Incorporated'),
(23, 'Sit Amet Industries'),
(24, 'Lorem Foundation'),
(25, 'Vitae Erat Vivamus Incorporated'),
(26, 'Suspendisse Corp.'),
(27, 'Quis LLP'),
(28, 'Aenean Eget Metus Institute'),
(29, 'Cursus Nunc Corporation'),
(30, 'Facilisi Sed Institute'),
(31, 'Vel LLP'),
(32, 'Luctus Sit PC'),
(33, 'Fringilla Est Mauris Company'),
(34, 'Eros Inc.'),
(35, 'Leo Morbi LLP'),
(36, 'Ridiculus Associates'),
(37, 'Vitae Associates'),
(38, 'Cursus Luctus Corporation'),
(39, 'Proin Mi Aliquam Associates'),
(40, 'Molestie Orci LLP'),
(41, 'Interdum Feugiat Limited'),
(42, 'Malesuada Inc.'),
(43, 'Congue Incorporated'),
(44, 'Ipsum Cursus Consulting'),
(45, 'Tempor Industries'),
(46, 'Sit Amet PC'),
(47, 'Nonummy Ac Institute'),
(48, 'Sociis Industries'),
(49, 'Ipsum Primis Limited'),
(50, 'Auctor Associates'),
(51, 'Habitant Industries'),
(52, 'Lobortis LLC'),
(53, 'Elit Aliquam Auctor Consulting'),
(54, 'Ligula Aenean Gravida Inc.'),
(55, 'Integer Mollis Institute'),
(56, 'Elit Corporation'),
(57, 'In Company'),
(58, 'Luctus Industries'),
(59, 'Vivamus Nibh Limited'),
(60, 'Vulputate Posuere Vulputate LLP'),
(61, 'In Tempus Eu Company'),
(62, 'Eu Tellus Eu Incorporated'),
(63, 'Cursus Luctus Ipsum PC'),
(64, 'Vel Foundation'),
(65, 'Integer Mollis Integer PC'),
(66, 'In Corporation'),
(67, 'Dis Corporation'),
(68, 'Lorem Donec Elementum Consulting'),
(69, 'Nascetur Ridiculus Mus Corp.'),
(70, 'Feugiat Lorem Foundation'),
(71, 'Libero Morbi Accumsan Institute'),
(72, 'Hendrerit Company'),
(73, 'Nullam Scelerisque Industries'),
(74, 'A Foundation1'),
(75, 'Enim Corp.'),
(76, 'Dictum Eleifend Nunc Foundation'),
(77, 'Eros Turpis Company'),
(78, 'Quis Consulting'),
(79, 'Vitae Erat Vivamus Company'),
(80, 'Vel Corporation'),
(81, 'Malesuada Ut Industries'),
(82, 'Sem Company'),
(83, 'Nostra Per Consulting'),
(84, 'Et Ipsum Incorporated'),
(85, 'Cum Limited'),
(86, 'Montes Foundation'),
(87, 'Vel Faucibus Id Industries'),
(88, 'Morbi Tristique Senectus Corp.'),
(89, 'Nisl Quisque Fringilla Institute'),
(90, 'Montes Nascetur Ridiculus Incorporated'),
(91, 'Integer Tincidunt Aliquam PC'),
(92, 'Ipsum Industries'),
(93, 'Lobortis Tellus Corp.'),
(94, 'Gravida PC'),
(95, 'Dolor Tempus Industries'),
(96, 'Lacinia Sed Incorporated'),
(97, 'Ac Sem Associates'),
(98, 'Justo Proin PC'),
(99, 'Et Rutrum Associates'),
(100, 'Proin Non Massa Associates');

-- -----------------------------------------------------
-- Table `gerdau2`.`funcionarios`
-- -----------------------------------------------------
CREATE TABLE IF NOT EXISTS `gerdau2`.`funcionarios` (
  `idFunc` INT UNSIGNED NOT NULL AUTO_INCREMENT,
  `nome` VARCHAR(45) NOT NULL,
  `foto` VARCHAR(255) NOT NULL,
  `numero` VARCHAR(8) NOT NULL,
  `aso` DATE NOT NULL,
  `cargo` VARCHAR(45) NOT NULL,
  `status` TINYINT(1) NOT NULL,
  `celulas_id` INT UNSIGNED NOT NULL,
  PRIMARY KEY (`idFunc`),
  INDEX `fk_funcionarios_celulas1_idx` (`celulas_id` ASC),
  CONSTRAINT `fk_funcionarios_celulas1`
    FOREIGN KEY (`celulas_id`)
    REFERENCES `gerdau2`.`celulas` (`id`)
    ON DELETE NO ACTION
    ON UPDATE NO ACTION)
ENGINE = InnoDB;

INSERT INTO `funcionarios` (`idFunc`,`nome`,`foto`,`numero`,`aso`,`cargo`,`status`,`celulas_id`) VALUES (1,"Levi W. Mclean","assets/images/user.png","47320369","06-11-18","Suspendisse Corporation",1,6),(2,"Francis L. Ward","assets/images/user.png","7436672","07-07-18","Quis Diam Ltd",1,9),(3,"Leroy R. Chandler","assets/images/user.png","11815095","06-08-17","Lectus Sit Amet Ltd",1,68),(4,"Inez H. Fernandez","assets/images/user.png","12319661","13-09-17","Sed Malesuada Augue Limited",0,4),(5,"Kylie M. Conway","assets/images/user.png","44648100","08-03-17","Dictum Associates",1,84),(6,"Ella R. Joseph","assets/images/user.png","11465180","25-04-18","Quam Dignissim Pharetra Inc.",1,73),(7,"Rafael Z. Ball","assets/images/user.png","22470909","05-12-17","Ut Pellentesque LLP",1,60),(8,"Marvin X. Houston","assets/images/user.png","30143948","07-08-18","Aenean Consulting",1,36),(9,"Maxwell G. Mcbride","assets/images/user.png","40156802","30-08-17","Et Nunc Quisque Ltd",1,57),(10,"Tyrone X. Hayden","assets/images/user.png","30766306","15-10-17","Augue Eu Tempor Foundation",0,91);
INSERT INTO `funcionarios` (`idFunc`,`nome`,`foto`,`numero`,`aso`,`cargo`,`status`,`celulas_id`) VALUES (11,"Willow U. Burns","assets/images/user.png","11117020","04-10-17","Ligula Aenean Corporation",1,57),(12,"Christen R. Lane","assets/images/user.png","28421321","14-09-17","Non Arcu Foundation",0,30),(13,"Allistair N. Charles","assets/images/user.png","23549355","16-11-18","Nunc Inc.",0,47),(14,"Germane K. Mckenzie","assets/images/user.png","24352085","18-12-16","Diam Foundation",1,95),(15,"Risa Q. Lindsay","assets/images/user.png","10035605","25-12-16","Pede Et Consulting",0,56),(16,"Barbara K. Stevens","assets/images/user.png","40506195","25-09-17","Amet Lorem Semper LLP",1,99),(17,"Mia B. Lloyd","assets/images/user.png","40761414","23-09-18","Enim Etiam Corporation",1,37),(18,"Victoria R. Craig","assets/images/user.png","45989841","02-02-18","Ipsum Leo Elementum Consulting",1,36),(19,"Jeanette F. Winters","assets/images/user.png","29389184","09-05-18","Aptent Company",0,4),(20,"Lee D. Savage","assets/images/user.png","30358897","15-06-17","Sapien Ltd",1,15);
INSERT INTO `funcionarios` (`idFunc`,`nome`,`foto`,`numero`,`aso`,`cargo`,`status`,`celulas_id`) VALUES (21,"August U. Ratliff","assets/images/user.png","39995517","06-09-18","Imperdiet Nec Leo LLP",0,3),(22,"Moses F. Hood","assets/images/user.png","14814743","21-08-17","Ipsum Ac Associates",0,76),(23,"Lars H. Cook","assets/images/user.png","31394015","06-08-18","Ornare Elit Elit Consulting",0,74),(24,"Orlando Q. Weiss","assets/images/user.png","11188601","12-09-18","Velit Associates",1,15),(25,"Ella D. Mccarthy","assets/images/user.png","13691439","31-12-16","Hendrerit Donec Corp.",0,67),(26,"Kylee O. Fields","assets/images/user.png","49160036","30-11-16","Egestas A Dui Associates",1,17),(27,"Grant N. Lott","assets/images/user.png","50399989","08-11-17","Non Feugiat Consulting",0,37),(28,"Harriet J. Hays","assets/images/user.png","18111304","06-07-17","Vitae Inc.",0,100),(29,"Cherokee H. Harding","assets/images/user.png","12520390","12-09-18","Imperdiet Ullamcorper Associates",1,47),(30,"Nissim U. Mccarthy","assets/images/user.png","30198467","25-09-17","Sagittis Placerat Ltd",0,70);
INSERT INTO `funcionarios` (`idFunc`,`nome`,`foto`,`numero`,`aso`,`cargo`,`status`,`celulas_id`) VALUES (31,"Elmo R. Blair","assets/images/user.png","49572175","07-11-17","Sed Consulting",1,79),(32,"Aurelia E. Merrill","assets/images/user.png","40092364","15-03-17","Mauris PC",0,81),(33,"Lane R. Gomez","assets/images/user.png","22214080","06-05-18","Malesuada Augue Ut Inc.",0,39),(34,"Logan H. Smith","assets/images/user.png","37097977","16-08-17","Est Associates",1,11),(35,"Merrill J. Mitchell","assets/images/user.png","50295141","06-02-17","Facilisis Institute",0,54),(36,"Whoopi W. Nelson","assets/images/user.png","8122449","30-10-17","Quam Limited",1,15),(37,"Darrel N. Clay","assets/images/user.png","19899055","18-10-17","Ligula Nullam Institute",0,60),(38,"Erasmus B. Blackburn","assets/images/user.png","26068393","25-04-17","Purus Company",0,42),(39,"Lana U. Bates","assets/images/user.png","28506270","18-10-17","Dolor Foundation",0,72),(40,"Joelle E. Holcomb","assets/images/user.png","33170254","09-04-17","Ac Mattis Ornare Associates",1,16);
INSERT INTO `funcionarios` (`idFunc`,`nome`,`foto`,`numero`,`aso`,`cargo`,`status`,`celulas_id`) VALUES (41,"Maisie F. Ross","assets/images/user.png","41523542","07-03-17","Augue Id Foundation",1,60),(42,"MacKenzie Y. Potts","assets/images/user.png","42012291","13-12-17","Cursus Integer Consulting",0,40),(43,"Thane M. Hays","assets/images/user.png","8008790","09-11-18","Aliquam Arcu Company",0,29),(44,"Duncan N. Holland","assets/images/user.png","10738031","11-03-18","Tellus Non Magna Company",0,4),(45,"Jonas E. Mcdaniel","assets/images/user.png","50332097","01-10-17","Mollis Vitae Posuere Incorporated",1,17),(46,"Kasper F. Riley","assets/images/user.png","43335455","23-01-18","Luctus Et Ultrices Corporation",0,88),(47,"Angela W. Ramirez","assets/images/user.png","35917512","27-12-17","Ornare Corp.",1,48),(48,"Trevor W. Goff","assets/images/user.png","15979777","10-05-18","Cubilia Curae; Donec Limited",0,74),(49,"Yetta Q. Rice","assets/images/user.png","50433021","25-11-17","Aliquam Erat Industries",1,3),(50,"Hyatt N. Hobbs","assets/images/user.png","30796229","07-03-18","Mauris Nulla Integer Company",1,51);
INSERT INTO `funcionarios` (`idFunc`,`nome`,`foto`,`numero`,`aso`,`cargo`,`status`,`celulas_id`) VALUES (51,"Octavius M. Terrell","assets/images/user.png","32844793","14-06-17","Tellus Aenean Egestas Incorporated",0,95),(52,"Sean J. Rodriquez","assets/images/user.png","34338347","08-07-17","Rutrum Non LLC",1,85),(53,"Quyn G. Waters","assets/images/user.png","8233401","15-09-18","Ante Lectus Convallis LLP",0,10),(54,"Lani O. Norman","assets/images/user.png","28879771","10-11-17","Sed Associates",1,83),(55,"Declan G. Parks","assets/images/user.png","26064997","19-09-17","Convallis Erat Eget PC",1,43),(56,"Carl O. Winters","assets/images/user.png","8359350","07-12-17","Integer Sem Elit PC",0,11),(57,"Felix C. Rowland","assets/images/user.png","5747178","03-07-17","Turpis Egestas Aliquam Limited",0,84),(58,"Darryl A. Peck","assets/images/user.png","19703934","20-07-18","Consectetuer Corporation",1,50),(59,"Gil N. Drake","assets/images/user.png","42563440","27-11-17","Sed Pede Consulting",0,56),(60,"Oprah E. Park","assets/images/user.png","22361431","16-12-17","Nec Consulting",0,55);
INSERT INTO `funcionarios` (`idFunc`,`nome`,`foto`,`numero`,`aso`,`cargo`,`status`,`celulas_id`) VALUES (61,"Fallon B. Noel","assets/images/user.png","42872991","14-09-18","Eget Laoreet LLC",1,83),(62,"Nadine B. Nieves","assets/images/user.png","7227594","10-10-17","Elit Corporation",0,37),(63,"Virginia C. Mcgowan","assets/images/user.png","30131016","20-02-18","Vel Quam Dignissim Institute",1,52),(64,"Hedley Y. Kane","assets/images/user.png","30958873","27-09-17","Felis Orci Adipiscing Consulting",0,87),(65,"Orla V. Oconnor","assets/images/user.png","30040039","11-12-16","Phasellus Ornare Company",0,94),(66,"Fuller N. Burnett","assets/images/user.png","24658439","20-07-17","Praesent Industries",1,79),(67,"Leo J. Lambert","assets/images/user.png","48731313","08-08-17","Morbi Sit Amet Inc.",1,91),(68,"Lani D. Payne","assets/images/user.png","43841580","18-09-17","Metus LLP",0,50),(69,"Talon W. Holmes","assets/images/user.png","12045026","30-11-16","Donec Tempor Ltd",1,24),(70,"Kasimir S. Boone","assets/images/user.png","28230101","18-07-17","Quisque Incorporated",1,99);
INSERT INTO `funcionarios` (`idFunc`,`nome`,`foto`,`numero`,`aso`,`cargo`,`status`,`celulas_id`) VALUES (71,"Morgan F. Greene","assets/images/user.png","19149811","27-01-17","Id LLC",1,41),(72,"Ocean A. Gomez","assets/images/user.png","15871252","20-03-18","Fermentum Vel Mauris Corp.",0,67),(73,"Carla Y. Murphy","assets/images/user.png","25861942","26-10-17","Eget Corporation",1,76),(74,"Nehru S. Rodgers","assets/images/user.png","30953602","26-04-17","Pharetra Associates",0,52),(75,"Kalia Q. Mays","assets/images/user.png","20883269","11-11-18","Malesuada Industries",0,25),(76,"Warren G. Cherry","assets/images/user.png","39682245","17-04-17","Bibendum Corp.",1,49),(77,"Barry E. Robertson","assets/images/user.png","44655049","09-02-17","Ullamcorper Viverra Maecenas PC",0,31),(78,"Grace N. Dickerson","assets/images/user.png","32395289","13-02-17","Sagittis Inc.",1,89),(79,"Lois R. Neal","assets/images/user.png","6679366","23-10-18","Ante Corporation",1,21),(80,"Alea M. Holloway","assets/images/user.png","11429566","23-05-17","Ridiculus Mus Proin Company",0,18);
INSERT INTO `funcionarios` (`idFunc`,`nome`,`foto`,`numero`,`aso`,`cargo`,`status`,`celulas_id`) VALUES (81,"Lael F. Cleveland","assets/images/user.png","42436979","14-08-18","Feugiat Corporation",0,73),(82,"Honorato O. Herman","assets/images/user.png","50425916","19-07-18","Nulla Institute",0,31),(83,"Megan E. Guthrie","assets/images/user.png","27716880","27-02-18","Ultrices Sit Industries",0,76),(84,"Sade V. Alexander","assets/images/user.png","10575540","27-02-18","Nam Foundation",1,76),(85,"Dennis K. Conner","assets/images/user.png","19067523","06-05-17","Cras Inc.",1,76),(86,"Velma J. Figueroa","assets/images/user.png","47226021","10-12-16","Ac Turpis Egestas LLC",0,47),(87,"Isaac X. Dotson","assets/images/user.png","15101928","22-05-18","Vivamus Non Associates",0,31),(88,"Tashya H. Becker","assets/images/user.png","19993964","17-12-17","Vulputate Ltd",1,86),(89,"Octavia P. Neal","assets/images/user.png","50447882","15-11-18","Leo LLC",1,14),(90,"Lee Y. Atkinson","assets/images/user.png","24986318","23-04-17","Est Mauris Foundation",1,7);
INSERT INTO `funcionarios` (`idFunc`,`nome`,`foto`,`numero`,`aso`,`cargo`,`status`,`celulas_id`) VALUES (91,"Dai S. Bradshaw","assets/images/user.png","45251607","06-03-18","Montes Nascetur Ridiculus Corporation",1,78),(92,"Genevieve H. Wooten","assets/images/user.png","46708437","26-12-16","Consequat Institute",0,84),(93,"Gregory D. Fuentes","assets/images/user.png","5650181","05-05-17","Orci LLP",1,32),(94,"Olivia B. Dunn","assets/images/user.png","24127819","01-07-18","Natoque Penatibus Et Foundation",0,12),(95,"Rose O. Wood","assets/images/user.png","5070930","13-07-18","Iaculis Aliquet Incorporated",1,40),(96,"Quinn E. Joyce","assets/images/user.png","46436600","25-11-17","Ante Iaculis LLP",1,18),(97,"Hilda E. Austin","assets/images/user.png","26322878","06-01-17","Mauris Vel Turpis Consulting",1,14),(98,"Chancellor D. Fisher","assets/images/user.png","5131098","09-02-17","Diam Ltd",1,7),(99,"Brody Y. Long","assets/images/user.png","29754756","10-07-17","Morbi Metus Ltd",0,45),(100,"Fuller Y. Whitfield","assets/images/user.png","33073928","23-05-18","Ipsum Leo Elementum Industries",1,50);


-- -----------------------------------------------------
-- Table `gerdau2`.`login`
-- -----------------------------------------------------
CREATE TABLE IF NOT EXISTS `gerdau2`.`login` (
  `idLogin` INT UNSIGNED NOT NULL AUTO_INCREMENT,
  `email` VARCHAR(45) NOT NULL,
  `senha` VARCHAR(45) NOT NULL,
  `tipo` INT NOT NULL,
  `funcionario_id` INT UNSIGNED NOT NULL,
  PRIMARY KEY (`idLogin`),
  INDEX `fk_login_funcionario1_idx` (`funcionario_id` ASC),
  CONSTRAINT `fk_login_funcionario1`
    FOREIGN KEY (`funcionario_id`)
    REFERENCES `gerdau2`.`funcionarios` (`idFunc`)
    ON DELETE NO ACTION
    ON UPDATE NO ACTION)
ENGINE = InnoDB;


-- -----------------------------------------------------
-- Table `gerdau2`.`formularios`
-- -----------------------------------------------------
CREATE TABLE IF NOT EXISTS `gerdau2`.`formularios` (
  `idForm` INT UNSIGNED NOT NULL AUTO_INCREMENT,
  `nomeForm` VARCHAR(45) NOT NULL,
  `data` DATE NULL,
  PRIMARY KEY (`idForm`))
ENGINE = InnoDB;

INSERT INTO `formularios` (`idForm`, `nomeForm`, `data`) VALUES
(1, 'Orci Ltd', '2007-04-18'),
(2, 'Non Corporation', '2006-06-18'),
(3, 'Et Tristique Limited', '1111-11-11'),
(4, 'Felis Orci Foundation', '1111-11-11'),
(5, 'Ligula Consectetuer Corporation', '2002-06-17'),
(6, 'Amet Consectetuer Adipiscing Industries', '2010-07-18'),
(7, 'Lacus Ut Nec Corporation', '1111-11-11'),
(8, 'In Nec Orci Inc.', '2012-10-17'),
(9, 'Faucibus Consulting', '2008-08-18'),
(10, 'Sapien Aenean Massa Limited', '1111-11-11'),
(11, 'Amet Ultricies Ltd', '1111-11-11'),
(12, 'A Auctor Non Ltd', '1111-11-11'),
(13, 'Luctus Felis Industries', '2009-01-18'),
(14, 'Tristique Corp.', '1111-11-11'),
(15, 'Phasellus At Augue Institute', '1111-11-11'),
(16, 'Placerat Velit Quisque Institute', '1111-11-11'),
(17, 'A Inc.', '2007-08-18'),
(18, 'Mauris Blandit Inc.', '2001-05-17'),
(19, 'Neque Incorporated', '1111-11-11'),
(20, 'Vulputate Dui Nec PC', '1111-11-11'),
(21, 'Sed Corp.', '1111-11-11'),
(22, 'Curabitur Ltd', '1111-11-11'),
(23, 'Commodo Auctor Corporation', '1111-11-11'),
(24, 'Mauris Blandit Enim Industries', '2010-01-18'),
(25, 'Dolor Elit Pellentesque Ltd', '2008-05-17'),
(26, 'Cursus Incorporated', '2009-12-17'),
(27, 'Vestibulum Lorem Foundation', '1111-11-11'),
(28, 'Libero Proin Mi Consulting', '2004-04-17'),
(29, 'Pellentesque Massa Inc.', '1111-11-11'),
(30, 'Sapien Associates', '2006-10-17'),
(31, 'Phasellus Elit Pede PC', '1111-11-11'),
(32, 'Vestibulum Ante Consulting', '1111-11-11'),
(33, 'Mollis Dui PC', '1111-11-11'),
(34, 'Nullam Scelerisque Neque Ltd', '1111-11-11'),
(35, 'Enim Etiam Imperdiet Institute', '2004-11-18'),
(36, 'Maecenas Ltd', '1111-11-11'),
(37, 'Quisque Tincidunt Pede Consulting', '1111-11-11'),
(38, 'Venenatis Vel Limited', '1111-11-11'),
(39, 'A Ultricies Adipiscing LLP', '1111-11-11'),
(40, 'Ut Foundation', '2006-09-17'),
(41, 'Natoque Penatibus Corp.', '1111-11-11'),
(42, 'Donec Tempus PC', '1111-11-11'),
(43, 'Elementum Sem Vitae PC', '1111-11-11'),
(44, 'Dolor Fusce Mi PC', '1111-11-11'),
(45, 'Penatibus LLP', '1111-11-11'),
(46, 'Maecenas Malesuada Associates', '2005-04-17'),
(47, 'In Aliquet Associates', '2001-04-17'),
(48, 'Gravida Mauris Ut Incorporated', '2011-03-18'),
(49, 'Leo Elementum Associates', '1111-11-11'),
(50, 'Gravida Industries', '2011-04-17'),
(51, 'Integer Mollis Integer PC', '1111-11-11'),
(52, 'Adipiscing Ligula Aenean Associates', '2007-08-18'),
(53, 'Dictum Limited', '1111-11-11'),
(54, 'Id Libero Limited', '2007-01-18'),
(55, 'Enim Associates', '1111-11-11'),
(56, 'Vitae Purus Gravida Incorporated', '1111-11-11'),
(57, 'Fermentum LLC', '1111-11-11'),
(58, 'Vel Pede Blandit LLP', '1111-11-11'),
(59, 'Vulputate Corp.', '1111-11-11'),
(60, 'At Pede Cras LLP', '2001-02-17'),
(61, 'Libero Donec Company', '1111-11-11'),
(62, 'Mauris Erat Corporation', '1111-11-11'),
(63, 'Pharetra Nam Incorporated', '1111-11-11'),
(64, 'Lacinia Vitae Company', '1111-11-11'),
(65, 'Et Ultrices Consulting', '1111-11-11'),
(66, 'Augue Ac Ipsum LLP', '2005-06-18'),
(67, 'Porta Elit A LLC', '2005-11-18'),
(68, 'Congue Elit Sed Industries', '1111-11-11'),
(69, 'Sed Malesuada Incorporated', '1111-11-11'),
(70, 'Non Enim Mauris Ltd', '2010-08-17'),
(71, 'Venenatis Vel Faucibus LLC', '1111-11-11'),
(72, 'Dictum Magna Ut Corp.', '2003-02-17'),
(73, 'Et Pede Nunc Ltd', '1111-11-11'),
(74, 'Non Sapien Company', '2004-12-18'),
(75, 'A Mi Fringilla Corp.', '1111-11-11'),
(76, 'Nullam Nisl Consulting', '1111-11-11'),
(77, 'Ac Feugiat Corporation', '1111-11-11'),
(78, 'Enim Commodo Corp.', '1111-11-11'),
(79, 'Tempus Risus LLP', '2008-02-18'),
(80, 'Vehicula Corp.', '1111-11-11'),
(81, 'A Sollicitudin Orci Associates', '1111-11-11'),
(82, 'Orci Foundation', '1111-11-11'),
(83, 'Et Magna Praesent Company', '1111-11-11'),
(84, 'Nec Luctus Institute', '2008-02-17'),
(85, 'Mauris Ltd', '1111-11-11'),
(86, 'Magna Et Corporation', '2001-02-17'),
(87, 'Urna Suscipit Nonummy Inc.', '1111-11-11'),
(88, 'Elit Curabitur Sed Corp.', '2006-01-17'),
(89, 'Donec Dignissim Magna Consulting', '2009-10-17'),
(90, 'Donec Egestas Duis Institute', '2010-06-17'),
(91, 'Sed LLP', '1111-11-11'),
(92, 'Ac Mattis Ornare Associates', '2004-01-18'),
(93, 'Phasellus Limited', '1111-11-11'),
(94, 'Donec Tempus Lorem Incorporated', '1111-11-11'),
(95, 'Mus Aenean LLC', '1111-11-11'),
(96, 'Ipsum PC', '1111-11-11'),
(97, 'Diam Institute', '1111-11-11'),
(98, 'Sit Amet Corporation', '1111-11-11'),
(99, 'Sagittis Augue Eu LLC', '1111-11-11'),
(100, 'Sed Dolor Fusce Consulting', '2012-09-17');

-- -----------------------------------------------------
-- Table `gerdau2`.`perguntas`
-- -----------------------------------------------------
CREATE TABLE IF NOT EXISTS `gerdau2`.`perguntas` (
  `idPerg` INT UNSIGNED NOT NULL AUTO_INCREMENT,
  `pergunta` TEXT NOT NULL,
  `tipo` INT NOT NULL,
  `formularios_idForm` INT UNSIGNED NOT NULL,
  PRIMARY KEY (`idPerg`, `formularios_idForm`),
  INDEX `fk_perguntas_formularios1_idx` (`formularios_idForm` ASC),
  CONSTRAINT `fk_perguntas_formularios1`
    FOREIGN KEY (`formularios_idForm`)
    REFERENCES `gerdau2`.`formularios` (`idForm`)
    ON DELETE CASCADE
    ON UPDATE CASCADE)
ENGINE = InnoDB;


-- -----------------------------------------------------
-- Table `gerdau2`.`respostas`
-- -----------------------------------------------------
CREATE TABLE IF NOT EXISTS `gerdau2`.`respostas` (
  `idRes` INT UNSIGNED NOT NULL AUTO_INCREMENT,
  `resposta` LONGTEXT NOT NULL,
  `perguntas_idPerg` INT UNSIGNED NOT NULL,
  `perguntas_formularios_idForm` INT UNSIGNED NOT NULL,
  PRIMARY KEY (`idRes`),
  INDEX `fk_respostas_perguntas1_idx` (`perguntas_idPerg` ASC, `perguntas_formularios_idForm` ASC),
  CONSTRAINT `fk_respostas_perguntas1`
    FOREIGN KEY (`perguntas_idPerg` , `perguntas_formularios_idForm`)
    REFERENCES `gerdau2`.`perguntas` (`idPerg` , `formularios_idForm`)
    ON DELETE CASCADE
    ON UPDATE CASCADE)
ENGINE = InnoDB;


-- -----------------------------------------------------
-- Table `gerdau2`.`opcoes`
-- -----------------------------------------------------
CREATE TABLE IF NOT EXISTS `gerdau2`.`opcoes` (
  `idopcao` INT UNSIGNED NOT NULL AUTO_INCREMENT,
  `opcao` VARCHAR(45) NULL,
  `perguntas_idPerg` INT UNSIGNED NOT NULL,
  PRIMARY KEY (`idopcao`, `perguntas_idPerg`),
  INDEX `fk_opcoes_perguntas1_idx` (`perguntas_idPerg` ASC),
  CONSTRAINT `fk_opcoes_perguntas1`
    FOREIGN KEY (`perguntas_idPerg`)
    REFERENCES `gerdau2`.`perguntas` (`idPerg`)
    ON DELETE CASCADE
    ON UPDATE CASCADE)
ENGINE = InnoDB;


-- -----------------------------------------------------
-- Table `gerdau2`.`areas`
-- -----------------------------------------------------
CREATE TABLE IF NOT EXISTS `gerdau2`.`areas` (
  `id` INT UNSIGNED NOT NULL AUTO_INCREMENT,
  `nome` VARCHAR(45) NOT NULL,
  `celulas_id` INT UNSIGNED NOT NULL,
  PRIMARY KEY (`id`),
  INDEX `fk_areas_celulas1_idx` (`celulas_id` ASC),
  CONSTRAINT `fk_areas_celulas1`
    FOREIGN KEY (`celulas_id`)
    REFERENCES `gerdau2`.`celulas` (`id`)
    ON DELETE NO ACTION
    ON UPDATE NO ACTION)
ENGINE = InnoDB;

INSERT INTO `areas` (`id`, `nome`, `celulas_id`) VALUES
(1, 'Justo Proin LLC', 1),
(2, 'Nec Corp.', 2),
(3, 'Dictum Cursus Nunc Limited', 3),
(4, 'Enim Nec Inc.', 4),
(5, 'Conubia Nostra Incorporated', 5),
(6, 'Sed Sapien Nunc Inc.', 6),
(7, 'Habitant Inc.', 7),
(8, 'Aenean Eget Metus Foundation', 8),
(9, 'Quis Foundation', 9),
(10, 'Sed Incorporated', 10),
(11, 'Massa Corporation', 11),
(12, 'Sed Et PC', 12),
(13, 'Nam Foundation', 13),
(14, 'Aliquet Vel Vulputate Associates', 14),
(15, 'Erat Sed Nunc Industries', 15),
(16, 'Mi Associates', 16),
(17, 'Interdum Inc.', 17),
(18, 'Feugiat LLC', 18),
(19, 'Sed Company', 19),
(20, 'Vel Turpis Aliquam Associates', 20),
(21, 'Primis In Associates', 21),
(22, 'Nulla Semper Limited', 22),
(23, 'Quis Tristique Company', 23),
(24, 'Ac Sem Corp.', 24),
(25, 'Tortor Nunc Commodo PC', 25),
(26, 'Fermentum Inc.', 26),
(27, 'Ut Molestie In Consulting', 27),
(28, 'Nibh Enim Limited', 28),
(29, 'Fusce Foundation', 29),
(30, 'Hendrerit A Inc.', 30),
(31, 'Et Tristique Incorporated', 31),
(32, 'Lobortis Company', 32),
(33, 'Fermentum LLP', 33),
(34, 'Tincidunt Tempus Consulting', 34),
(35, 'Enim LLC', 35),
(36, 'Nullam Ut Nisi Institute', 36),
(37, 'Malesuada Incorporated', 37),
(38, 'Turpis Non Enim LLC', 38),
(39, 'Commodo LLP', 39),
(40, 'Ligula Associates', 40),
(41, 'Elit Corp.', 41),
(42, 'In Lobortis Company', 42),
(43, 'Vitae Sodales Foundation', 43),
(44, 'Id Foundation', 44),
(45, 'Non Sapien LLP', 45),
(46, 'Enim Curabitur Limited', 46),
(47, 'Ultricies Limited', 47),
(48, 'Donec Foundation', 48),
(49, 'Eu Institute', 49),
(50, 'Elementum Incorporated', 50),
(51, 'A Purus Associates', 51),
(52, 'Odio PC', 52),
(53, 'Mauris Corporation', 53),
(54, 'Tellus Suspendisse Inc.', 54),
(55, 'Felis Purus Institute', 55),
(56, 'Sollicitudin Orci LLP', 56),
(57, 'Varius Ultrices LLC', 57),
(58, 'Libero Lacus Varius Consulting', 58),
(59, 'In Condimentum Company', 59),
(60, 'At Iaculis Quis Limited', 60),
(61, 'Ridiculus Mus Incorporated', 61),
(62, 'Libero Morbi Industries', 62),
(63, 'Nunc Mauris Consulting', 63),
(64, 'Convallis In Cursus Associates', 64),
(65, 'Eros Turpis Non Company', 65),
(66, 'Eros Turpis Non Limited', 66),
(67, 'Habitant Morbi Tristique Ltd', 67),
(68, 'Ultricies LLP', 68),
(69, 'Quisque Ornare Tortor Associates', 69),
(70, 'Diam Luctus Company', 70),
(71, 'Sagittis Semper Ltd', 71),
(72, 'Mauris Company', 72),
(73, 'Lectus LLP', 73),
(74, 'Metus Sit Amet Limited', 74),
(75, 'Pellentesque Tincidunt Industries', 75),
(76, 'Gravida Sagittis Corporation', 76),
(77, 'Amet Associates', 77),
(78, 'At Nisi Cum Industries', 78),
(79, 'Adipiscing Fringilla Porttitor LLP', 79),
(80, 'Auctor Non Feugiat Ltd', 80),
(81, 'Nisl Maecenas Associates', 81),
(82, 'Dis Parturient Corp.', 82),
(83, 'Mauris Incorporated', 83),
(84, 'Morbi LLP', 84),
(85, 'Ullamcorper Magna Consulting', 85),
(86, 'Ac Ipsum Ltd', 86),
(87, 'Malesuada PC', 87),
(88, 'Ipsum Dolor Sit Limited', 88),
(89, 'Lorem Ipsum Dolor Foundation', 89),
(90, 'Sem Egestas Blandit Institute', 90),
(91, 'Aenean Massa Company', 91),
(92, 'Sapien Cras Dolor Ltd', 92),
(93, 'Velit Egestas Lacinia Corporation', 93),
(94, 'Sed Consequat PC', 94),
(95, 'Placerat Corporation', 95),
(96, 'A Mi Fringilla LLP', 96),
(97, 'Arcu LLP', 97),
(98, 'Dolor Donec Corp.', 98),
(99, 'Ullamcorper Associates', 99),
(100, 'Ad Litora Associates', 100);

-- -----------------------------------------------------
-- Table `gerdau2`.`indicadores`
-- -----------------------------------------------------
CREATE TABLE IF NOT EXISTS `gerdau2`.`indicadores` (
  `id` INT UNSIGNED NOT NULL AUTO_INCREMENT,
  `estrutura` VARCHAR(45) NOT NULL,
  `codigo` VARCHAR(45) NOT NULL,
  `medida` VARCHAR(45) NOT NULL,
  `periodo` INT NOT NULL,
  `previsto` INT NOT NULL,
  `realizado` INT NOT NULL,
  `farol` TINYINT(1) NOT NULL,
  `prev_acumulado` INT NOT NULL,
  `real_acumulado` INT NOT NULL,
  `farol_acumulado` TINYINT(1) NOT NULL,
  `celula_id` INT UNSIGNED NOT NULL,
  PRIMARY KEY (`id`),
  INDEX `fk_indicadores_celula1_idx` (`celula_id` ASC),
  CONSTRAINT `fk_indicadores_celula1`
    FOREIGN KEY (`celula_id`)
    REFERENCES `gerdau2`.`celulas` (`id`)
    ON DELETE NO ACTION
    ON UPDATE NO ACTION)
ENGINE = InnoDB;


-- -----------------------------------------------------
-- Table `gerdau2`.`praticas`
-- -----------------------------------------------------
CREATE TABLE IF NOT EXISTS `gerdau2`.`praticas` (
  `id` INT UNSIGNED NOT NULL AUTO_INCREMENT,
  `nome` VARCHAR(45) NOT NULL,
  `celula_id` INT UNSIGNED NOT NULL,
  PRIMARY KEY (`id`),
  INDEX `fk_praticas_celula1_idx` (`celula_id` ASC),
  CONSTRAINT `fk_praticas_celula1`
    FOREIGN KEY (`celula_id`)
    REFERENCES `gerdau2`.`celulas` (`id`)
    ON DELETE NO ACTION
    ON UPDATE NO ACTION)
ENGINE = InnoDB;


SET SQL_MODE=@OLD_SQL_MODE;
SET FOREIGN_KEY_CHECKS=@OLD_FOREIGN_KEY_CHECKS;
SET UNIQUE_CHECKS=@OLD_UNIQUE_CHECKS;
